1485784300641_0042,ma,1069
1485784300641_0042,w1,1053
1485784300641_0042,w2,1062
1485784300641_0043,ma,5659
1485784300641_0043,w1,5661
1485784300641_0043,w2,5674
1485784300641_0044,ma,1167
1485784300641_0044,w1,1151
1485784300641_0044,w2,1160
1485784300641_0044,w3,0
1485784300641_0044,w4,0
1485784300641_0044,w5,0
1485784300641_0044,w6,0
1485784300641_0044,w7,0
1485784300641_0045,ma,3637
1485784300641_0045,w1,3653
1485784300641_0045,w2,3637
1485784300641_0045,w3,0
1485784300641_0045,w4,0
1485784300641_0045,w5,0
1485784300641_0045,w6,0
1485784300641_0045,w7,0
1485784300641_0046,ma,744
1485784300641_0046,w1,760
1485784300641_0046,w2,744
1485784300641_0046,w3,0
1485784300641_0046,w4,0
1485784300641_0046,w5,0
1485784300641_0046,w6,0
1485784300641_0046,w7,0
1485784300641_0047,ma,5501
1485784300641_0047,w1,5498
1485784300641_0047,w2,5513
1485784300641_0047,w3,0
1485784300641_0047,w4,0
1485784300641_0047,w5,0
1485784300641_0047,w6,0
1485784300641_0047,w7,0
1485784300641_0048,ma,829
1485784300641_0048,w1,845
1485784300641_0048,w2,823
1485784300641_0048,w3,0
1485784300641_0048,w4,0
1485784300641_0048,w5,0
1485784300641_0048,w6,0
1485784300641_0048,w7,0
1485784300641_0049,ma,3659
1485784300641_0049,w1,3672
1485784300641_0049,w2,3661
1485784300641_0049,w3,0
1485784300641_0049,w4,0
1485784300641_0049,w5,0
1485784300641_0049,w6,0
1485784300641_0049,w7,0
1485784300641_0050,ma,982
1485784300641_0050,w1,975
1485784300641_0050,w2,965
1485784300641_0050,w3,0
1485784300641_0050,w4,0
1485784300641_0050,w5,0
1485784300641_0050,w6,0
1485784300641_0050,w7,0
1485784300641_0051,ma,3635
1485784300641_0051,w1,3650
1485784300641_0051,w2,3635
1485784300641_0051,w3,0
1485784300641_0051,w4,0
1485784300641_0051,w5,0
1485784300641_0051,w6,0
1485784300641_0051,w7,0
1485784300641_0052,ma,711
1485784300641_0052,w1,704
1485784300641_0052,w2,726
1485784300641_0052,w3,0
1485784300641_0052,w4,0
1485784300641_0052,w5,0
1485784300641_0052,w6,0
1485784300641_0052,w7,0
1485784300641_0053,ma,5877
1485784300641_0053,w1,5863
1485784300641_0053,w2,5864
1485784300641_0053,w3,0
1485784300641_0053,w4,0
1485784300641_0053,w5,0
1485784300641_0053,w6,0
1485784300641_0053,w7,0
1485784300641_0054,ma,745
1485784300641_0054,w1,762
1485784300641_0054,w2,748
1485784300641_0054,w3,0
1485784300641_0054,w4,0
1485784300641_0054,w5,0
1485784300641_0054,w6,0
1485784300641_0054,w7,0
1485784300641_0055,ma,5676
1485784300641_0055,w1,5678
1485784300641_0055,w2,5696
1485784300641_0055,w3,0
1485784300641_0055,w4,0
1485784300641_0055,w5,0
1485784300641_0055,w6,0
1485784300641_0055,w7,0
1485784300641_0056,ma,988
1485784300641_0056,w1,981
1485784300641_0056,w2,972
1485784300641_0056,w3,0
1485784300641_0056,w4,0
1485784300641_0056,w5,0
1485784300641_0056,w6,0
1485784300641_0056,w7,0
1485784300641_0057,ma,5651
1485784300641_0057,w1,5652
1485784300641_0057,w2,5671
1485784300641_0057,w3,0
1485784300641_0057,w4,0
1485784300641_0057,w5,0
1485784300641_0057,w6,0
1485784300641_0057,w7,0
1485784300641_0058,ma,858
1485784300641_0058,w1,848
1485784300641_0058,w2,874
1485784300641_0058,w3,0
1485784300641_0058,w4,0
1485784300641_0058,w5,0
1485784300641_0058,w6,0
1485784300641_0058,w7,0
1485784300641_0059,ma,5563
1485784300641_0059,w1,5565
1485784300641_0059,w2,5578
1485784300641_0059,w3,0
1485784300641_0059,w4,0
1485784300641_0059,w5,0
1485784300641_0059,w6,0
1485784300641_0059,w7,0
1485784300641_0060,ma,734
1485784300641_0060,w1,752
1485784300641_0060,w2,726
1485784300641_0060,w3,0
1485784300641_0060,w4,0
1485784300641_0060,w5,0
1485784300641_0060,w6,0
1485784300641_0060,w7,0
1485784300641_0061,ma,5566
1485784300641_0061,w1,5568
1485784300641_0061,w2,5583
1485784300641_0061,w3,0
1485784300641_0061,w4,0
1485784300641_0061,w5,0
1485784300641_0061,w6,0
1485784300641_0061,w7,0
1485864406671_0002,ma,842
1485864406671_0002,w1,826
1485864406671_0002,w2,834
1485864406671_0002,w3,827
1485864406671_0002,w4,0
1485864406671_0002,w5,0
1485864406671_0002,w6,0
1485864406671_0002,w7,0
1485864406671_0003,ma,3014
1485864406671_0003,w1,3029
1485864406671_0003,w2,3015
1485864406671_0003,w3,3013
1485864406671_0003,w4,0
1485864406671_0003,w5,0
1485864406671_0003,w6,0
1485864406671_0003,w7,0
1485864406671_0004,ma,572
1485864406671_0004,w1,589
1485864406671_0004,w2,609
1485864406671_0004,w3,572
1485864406671_0004,w4,0
1485864406671_0004,w5,0
1485864406671_0004,w6,0
1485864406671_0004,w7,0
1485864406671_0005,ma,4356
1485864406671_0005,w1,4356
1485864406671_0005,w2,4356
1485864406671_0005,w3,4376
1485864406671_0005,w4,0
1485864406671_0005,w5,0
1485864406671_0005,w6,0
1485864406671_0005,w7,0
1485864406671_0006,ma,646
1485864406671_0006,w1,680
1485864406671_0006,w2,665
1485864406671_0006,w3,665
1485864406671_0006,w4,0
1485864406671_0006,w5,0
1485864406671_0006,w6,0
1485864406671_0006,w7,0
1485864406671_0007,ma,4082
1485864406671_0007,w1,4082
1485864406671_0007,w2,4082
1485864406671_0007,w3,4099
1485864406671_0007,w4,0
1485864406671_0007,w5,0
1485864406671_0007,w6,0
1485864406671_0007,w7,0
1485864406671_0008,ma,810
1485864406671_0008,w1,793
1485864406671_0008,w2,802
1485864406671_0008,w3,792
1485864406671_0008,w4,0
1485864406671_0008,w5,0
1485864406671_0008,w6,0
1485864406671_0008,w7,0
1485864406671_0009,ma,4298
1485864406671_0009,w1,4300
1485864406671_0009,w2,4319
1485864406671_0009,w3,4298
1485864406671_0009,w4,0
1485864406671_0009,w5,0
1485864406671_0009,w6,0
1485864406671_0009,w7,0
1485864406671_0010,ma,804
1485864406671_0010,w1,821
1485864406671_0010,w2,837
1485864406671_0010,w3,804
1485864406671_0010,w4,0
1485864406671_0010,w5,0
1485864406671_0010,w6,0
1485864406671_0010,w7,0
1485864406671_0011,ma,4108
1485864406671_0011,w1,4109
1485864406671_0011,w2,4125
1485864406671_0011,w3,4112
1485864406671_0011,w4,0
1485864406671_0011,w5,0
1485864406671_0011,w6,0
1485864406671_0011,w7,0
1485864406671_0012,ma,819
1485864406671_0012,w1,837
1485864406671_0012,w2,814
1485864406671_0012,w3,820
1485864406671_0012,w4,0
1485864406671_0012,w5,0
1485864406671_0012,w6,0
1485864406671_0012,w7,0
1485864406671_0013,ma,4217
1485864406671_0013,w1,4209
1485864406671_0013,w2,4207
1485864406671_0013,w3,4208
1485864406671_0013,w4,0
1485864406671_0013,w5,0
1485864406671_0013,w6,0
1485864406671_0013,w7,0
1485864406671_0014,ma,645
1485864406671_0014,w1,647
1485864406671_0014,w2,662
1485864406671_0014,w3,638
1485864406671_0014,w4,0
1485864406671_0014,w5,0
1485864406671_0014,w6,0
1485864406671_0014,w7,0
1485864406671_0015,ma,3872
1485864406671_0015,w1,3874
1485864406671_0015,w2,3890
1485864406671_0015,w3,3873
1485864406671_0015,w4,0
1485864406671_0015,w5,0
1485864406671_0015,w6,0
1485864406671_0015,w7,0
1485864406671_0016,ma,643
1485864406671_0016,w1,642
1485864406671_0016,w2,634
1485864406671_0016,w3,658
1485864406671_0016,w4,0
1485864406671_0016,w5,0
1485864406671_0016,w6,0
1485864406671_0016,w7,0
1485864406671_0017,ma,4001
1485864406671_0017,w1,4004
1485864406671_0017,w2,4018
1485864406671_0017,w3,4002
1485864406671_0017,w4,0
1485864406671_0017,w5,0
1485864406671_0017,w6,0
1485864406671_0017,w7,0
1485864406671_0018,ma,572
1485864406671_0018,w1,590
1485864406671_0018,w2,589
1485864406671_0018,w3,605
1485864406671_0018,w4,0
1485864406671_0018,w5,0
1485864406671_0018,w6,0
1485864406671_0018,w7,0
1485864406671_0019,ma,3034
1485864406671_0019,w1,3052
1485864406671_0019,w2,3035
1485864406671_0019,w3,3034
1485864406671_0019,w4,0
1485864406671_0019,w5,0
1485864406671_0019,w6,0
1485864406671_0019,w7,0
1485864406671_0020,ma,647
1485864406671_0020,w1,661
1485864406671_0020,w2,636
1485864406671_0020,w3,636
1485864406671_0020,w4,0
1485864406671_0020,w5,0
1485864406671_0020,w6,0
1485864406671_0020,w7,0
1485864406671_0021,ma,3903
1485864406671_0021,w1,3904
1485864406671_0021,w2,3904
1485864406671_0021,w3,3924
1485864406671_0021,w4,0
1485864406671_0021,w5,0
1485864406671_0021,w6,0
1485864406671_0021,w7,0
1485939535932_0002,ma,522
1485939535932_0002,w1,557
1485939535932_0002,w2,523
1485939535932_0002,w3,542
1485939535932_0002,w4,524
1485939535932_0002,w5,0
1485939535932_0002,w6,0
1485939535932_0002,w7,0
1485939535932_0003,ma,3445
1485939535932_0003,w1,3459
1485939535932_0003,w2,3445
1485939535932_0003,w3,3445
1485939535932_0003,w4,3444
1485939535932_0003,w5,0
1485939535932_0003,w6,0
1485939535932_0003,w7,0
1485939535932_0004,ma,511
1485939535932_0004,w1,524
1485939535932_0004,w2,509
1485939535932_0004,w3,501
1485939535932_0004,w4,501
1485939535932_0004,w5,0
1485939535932_0004,w6,0
1485939535932_0004,w7,0
1485939535932_0005,ma,3481
1485939535932_0005,w1,3481
1485939535932_0005,w2,3498
1485939535932_0005,w3,3480
1485939535932_0005,w4,3480
1485939535932_0005,w5,0
1485939535932_0005,w6,0
1485939535932_0005,w7,0
1485939535932_0006,ma,572
1485939535932_0006,w1,564
1485939535932_0006,w2,575
1485939535932_0006,w3,564
1485939535932_0006,w4,589
1485939535932_0006,w5,0
1485939535932_0006,w6,0
1485939535932_0006,w7,0
1485939535932_0007,ma,4130
1485939535932_0007,w1,4130
1485939535932_0007,w2,4130
1485939535932_0007,w3,4131
1485939535932_0007,w4,4145
1485939535932_0007,w5,0
1485939535932_0007,w6,0
1485939535932_0007,w7,0
1485939535932_0008,ma,613
1485939535932_0008,w1,613
1485939535932_0008,w2,635
1485939535932_0008,w3,632
1485939535932_0008,w4,649
1485939535932_0008,w5,0
1485939535932_0008,w6,0
1485939535932_0008,w7,0
1485939535932_0009,ma,3476
1485939535932_0009,w1,3466
1485939535932_0009,w2,3466
1485939535932_0009,w3,3466
1485939535932_0009,w4,3468
1485939535932_0009,w5,0
1485939535932_0009,w6,0
1485939535932_0009,w7,0
1485939535932_0010,ma,500
1485939535932_0010,w1,517
1485939535932_0010,w2,500
1485939535932_0010,w3,534
1485939535932_0010,w4,517
1485939535932_0010,w5,0
1485939535932_0010,w6,0
1485939535932_0010,w7,0
1485939535932_0011,ma,3520
1485939535932_0011,w1,3509
1485939535932_0011,w2,3509
1485939535932_0011,w3,3508
1485939535932_0011,w4,3510
1485939535932_0011,w5,0
1485939535932_0011,w6,0
1485939535932_0011,w7,0
1485939535932_0012,ma,704
1485939535932_0012,w1,695
1485939535932_0012,w2,680
1485939535932_0012,w3,677
1485939535932_0012,w4,695
1485939535932_0012,w5,0
1485939535932_0012,w6,0
1485939535932_0012,w7,0
1485939535932_0013,ma,3801
1485939535932_0013,w1,3826
1485939535932_0013,w2,3802
1485939535932_0013,w3,3801
1485939535932_0013,w4,3800
1485939535932_0013,w5,0
1485939535932_0013,w6,0
1485939535932_0013,w7,0
1485939535932_0014,ma,543
1485939535932_0014,w1,562
1485939535932_0014,w2,562
1485939535932_0014,w3,543
1485939535932_0014,w4,582
1485939535932_0014,w5,0
1485939535932_0014,w6,0
1485939535932_0014,w7,0
1485939535932_0015,ma,3496
1485939535932_0015,w1,3495
1485939535932_0015,w2,3513
1485939535932_0015,w3,3495
1485939535932_0015,w4,3496
1485939535932_0015,w5,0
1485939535932_0015,w6,0
1485939535932_0015,w7,0
1485939535932_0016,ma,507
1485939535932_0016,w1,507
1485939535932_0016,w2,524
1485939535932_0016,w3,507
1485939535932_0016,w4,538
1485939535932_0016,w5,0
1485939535932_0016,w6,0
1485939535932_0016,w7,0
1485939535932_0017,ma,3462
1485939535932_0017,w1,3462
1485939535932_0017,w2,3464
1485939535932_0017,w3,3463
1485939535932_0017,w4,3479
1485939535932_0017,w5,0
1485939535932_0017,w6,0
1485939535932_0017,w7,0
1485939535932_0018,ma,766
1485939535932_0018,w1,756
1485939535932_0018,w2,756
1485939535932_0018,w3,738
1485939535932_0018,w4,739
1485939535932_0018,w5,0
1485939535932_0018,w6,0
1485939535932_0018,w7,0
1485939535932_0019,ma,3172
1485939535932_0019,w1,3173
1485939535932_0019,w2,3172
1485939535932_0019,w3,3173
1485939535932_0019,w4,3188
1485939535932_0019,w5,0
1485939535932_0019,w6,0
1485939535932_0019,w7,0
1485939535932_0020,ma,534
1485939535932_0020,w1,555
1485939535932_0020,w2,553
1485939535932_0020,w3,535
1485939535932_0020,w4,569
1485939535932_0020,w5,0
1485939535932_0020,w6,0
1485939535932_0020,w7,0
1485939535932_0021,ma,2459
1485939535932_0021,w1,2459
1485939535932_0021,w2,2460
1485939535932_0021,w3,2483
1485939535932_0021,w4,2460
1485939535932_0021,w5,0
1485939535932_0021,w6,0
1485939535932_0021,w7,0
1485986378424_0002,ma,475
1485986378424_0002,w1,495
1485986378424_0002,w2,465
1485986378424_0002,w3,467
1485986378424_0002,w4,475
1485986378424_0002,w5,464
1485986378424_0002,w6,0
1485986378424_0002,w7,0
1485986378424_0003,ma,2649
1485986378424_0003,w1,2666
1485986378424_0003,w2,2649
1485986378424_0003,w3,2650
1485986378424_0003,w4,2651
1485986378424_0003,w5,2649
1485986378424_0003,w6,0
1485986378424_0003,w7,0
1485986378424_0004,ma,542
1485986378424_0004,w1,518
1485986378424_0004,w2,519
1485986378424_0004,w3,534
1485986378424_0004,w4,518
1485986378424_0004,w5,534
1485986378424_0004,w6,0
1485986378424_0004,w7,0
1485986378424_0005,ma,2831
1485986378424_0005,w1,2832
1485986378424_0005,w2,2832
1485986378424_0005,w3,2848
1485986378424_0005,w4,2832
1485986378424_0005,w5,2832
1485986378424_0005,w6,0
1485986378424_0005,w7,0
1485986378424_0006,ma,451
1485986378424_0006,w1,451
1485986378424_0006,w2,469
1485986378424_0006,w3,454
1485986378424_0006,w4,486
1485986378424_0006,w5,451
1485986378424_0006,w6,0
1485986378424_0006,w7,0
1485986378424_0007,ma,2842
1485986378424_0007,w1,2843
1485986378424_0007,w2,2843
1485986378424_0007,w3,2860
1485986378424_0007,w4,2843
1485986378424_0007,w5,2843
1485986378424_0007,w6,0
1485986378424_0007,w7,0
1485986378424_0008,ma,631
1485986378424_0008,w1,607
1485986378424_0008,w2,623
1485986378424_0008,w3,622
1485986378424_0008,w4,605
1485986378424_0008,w5,606
1485986378424_0008,w6,0
1485986378424_0008,w7,0
1485986378424_0009,ma,2683
1485986378424_0009,w1,2682
1485986378424_0009,w2,2701
1485986378424_0009,w3,2684
1485986378424_0009,w4,2683
1485986378424_0009,w5,2683
1485986378424_0009,w6,0
1485986378424_0009,w7,0
1485986378424_0010,ma,448
1485986378424_0010,w1,483
1485986378424_0010,w2,466
1485986378424_0010,w3,449
1485986378424_0010,w4,448
1485986378424_0010,w5,467
1485986378424_0010,w6,0
1485986378424_0010,w7,0
1485986378424_0011,ma,2692
1485986378424_0011,w1,2691
1485986378424_0011,w2,2691
1485986378424_0011,w3,2692
1485986378424_0011,w4,2715
1485986378424_0011,w5,2691
1485986378424_0011,w6,0
1485986378424_0011,w7,0
1485986378424_0012,ma,486
1485986378424_0012,w1,486
1485986378424_0012,w2,511
1485986378424_0012,w3,479
1485986378424_0012,w4,478
1485986378424_0012,w5,478
1485986378424_0012,w6,0
1485986378424_0012,w7,0
1485986378424_0013,ma,2835
1485986378424_0013,w1,2835
1485986378424_0013,w2,2835
1485986378424_0013,w3,2865
1485986378424_0013,w4,2835
1485986378424_0013,w5,2844
1485986378424_0013,w6,0
1485986378424_0013,w7,0
1485986378424_0014,ma,438
1485986378424_0014,w1,458
1485986378424_0014,w2,456
1485986378424_0014,w3,438
1485986378424_0014,w4,476
1485986378424_0014,w5,438
1485986378424_0014,w6,0
1485986378424_0014,w7,0
1485986378424_0015,ma,2662
1485986378424_0015,w1,2660
1485986378424_0015,w2,2679
1485986378424_0015,w3,2661
1485986378424_0015,w4,2661
1485986378424_0015,w5,2661
1485986378424_0015,w6,0
1485986378424_0015,w7,0
1485986378424_0016,ma,435
1485986378424_0016,w1,434
1485986378424_0016,w2,435
1485986378424_0016,w3,479
1485986378424_0016,w4,434
1485986378424_0016,w5,451
1485986378424_0016,w6,0
1485986378424_0016,w7,0
1485986378424_0017,ma,2901
1485986378424_0017,w1,2888
1485986378424_0017,w2,2889
1485986378424_0017,w3,2888
1485986378424_0017,w4,2889
1485986378424_0017,w5,2890
1485986378424_0017,w6,0
1485986378424_0017,w7,0
1485986378424_0018,ma,505
1485986378424_0018,w1,494
1485986378424_0018,w2,494
1485986378424_0018,w3,494
1485986378424_0018,w4,494
1485986378424_0018,w5,529
1485986378424_0018,w6,0
1485986378424_0018,w7,0
1485986378424_0019,ma,2770
1485986378424_0019,w1,2772
1485986378424_0019,w2,2771
1485986378424_0019,w3,2771
1485986378424_0019,w4,2776
1485986378424_0019,w5,2788
1485986378424_0019,w6,0
1485986378424_0019,w7,0
1485986378424_0020,ma,433
1485986378424_0020,w1,472
1485986378424_0020,w2,434
1485986378424_0020,w3,450
1485986378424_0020,w4,434
1485986378424_0020,w5,451
1485986378424_0020,w6,0
1485986378424_0020,w7,0
1485986378424_0021,ma,2729
1485986378424_0021,w1,2746
1485986378424_0021,w2,2730
1485986378424_0021,w3,2728
1485986378424_0021,w4,2731
1485986378424_0021,w5,2732
1485986378424_0021,w6,0
1485986378424_0021,w7,0
1486027566906_0002,ma,1329
1486027566906_0002,w1,1328
1486027566906_0002,w2,1329
1486027566906_0002,w3,1328
1486027566906_0002,w4,1329
1486027566906_0002,w5,1363
1486027566906_0002,w6,1346
1486027566906_0002,w7,0
1486027566906_0003,ma,3518
1486027566906_0003,w1,3518
1486027566906_0003,w2,3517
1486027566906_0003,w3,3519
1486027566906_0003,w4,3516
1486027566906_0003,w5,3531
1486027566906_0003,w6,3518
1486027566906_0003,w7,0
1486027566906_0004,ma,1363
1486027566906_0004,w1,1397
1486027566906_0004,w2,1380
1486027566906_0004,w3,1362
1486027566906_0004,w4,1380
1486027566906_0004,w5,1363
1486027566906_0004,w6,1362
1486027566906_0004,w7,0
1486027566906_0005,ma,2602
1486027566906_0005,w1,2602
1486027566906_0005,w2,2602
1486027566906_0005,w3,2601
1486027566906_0005,w4,2601
1486027566906_0005,w5,2601
1486027566906_0005,w6,2624
1486027566906_0005,w7,0
1486027566906_0006,ma,824
1486027566906_0006,w1,824
1486027566906_0006,w2,824
1486027566906_0006,w3,851
1486027566906_0006,w4,852
1486027566906_0006,w5,824
1486027566906_0006,w6,871
1486027566906_0006,w7,0
1486027566906_0007,ma,3118
1486027566906_0007,w1,3119
1486027566906_0007,w2,3134
1486027566906_0007,w3,3118
1486027566906_0007,w4,3117
1486027566906_0007,w5,3118
1486027566906_0007,w6,3118
1486027566906_0007,w7,0
1486027566906_0008,ma,1369
1486027566906_0008,w1,1368
1486027566906_0008,w2,1359
1486027566906_0008,w3,1359
1486027566906_0008,w4,1359
1486027566906_0008,w5,1383
1486027566906_0008,w6,1359
1486027566906_0008,w7,0
1486027566906_0009,ma,3063
1486027566906_0009,w1,3063
1486027566906_0009,w2,3063
1486027566906_0009,w3,3097
1486027566906_0009,w4,3062
1486027566906_0009,w5,3063
1486027566906_0009,w6,3063
1486027566906_0009,w7,0
1486027566906_0010,ma,788
1486027566906_0010,w1,779
1486027566906_0010,w2,779
1486027566906_0010,w3,779
1486027566906_0010,w4,788
1486027566906_0010,w5,779
1486027566906_0010,w6,838
1486027566906_0010,w7,0
1486027566906_0011,ma,3199
1486027566906_0011,w1,3199
1486027566906_0011,w2,3252
1486027566906_0011,w3,3199
1486027566906_0011,w4,3198
1486027566906_0011,w5,3197
1486027566906_0011,w6,3198
1486027566906_0011,w7,0
1486027566906_0012,ma,603
1486027566906_0012,w1,603
1486027566906_0012,w2,604
1486027566906_0012,w3,604
1486027566906_0012,w4,625
1486027566906_0012,w5,603
1486027566906_0012,w6,644
1486027566906_0012,w7,0
1486027566906_0013,ma,3140
1486027566906_0013,w1,3140
1486027566906_0013,w2,3142
1486027566906_0013,w3,3171
1486027566906_0013,w4,3140
1486027566906_0013,w5,3142
1486027566906_0013,w6,3142
1486027566906_0013,w7,0
1486027566906_0014,ma,785
1486027566906_0014,w1,806
1486027566906_0014,w2,785
1486027566906_0014,w3,785
1486027566906_0014,w4,806
1486027566906_0014,w5,785
1486027566906_0014,w6,828
1486027566906_0014,w7,0
1486027566906_0015,ma,3184
1486027566906_0015,w1,3208
1486027566906_0015,w2,3186
1486027566906_0015,w3,3190
1486027566906_0015,w4,3184
1486027566906_0015,w5,3184
1486027566906_0015,w6,3183
1486027566906_0015,w7,0
1486027566906_0016,ma,1407
1486027566906_0016,w1,1465
1486027566906_0016,w2,1408
1486027566906_0016,w3,1407
1486027566906_0016,w4,1447
1486027566906_0016,w5,1447
1486027566906_0016,w6,1408
1486027566906_0016,w7,0
1486027566906_0017,ma,3707
1486027566906_0017,w1,3708
1486027566906_0017,w2,3707
1486027566906_0017,w3,3707
1486027566906_0017,w4,3708
1486027566906_0017,w5,3726
1486027566906_0017,w6,3709
1486027566906_0017,w7,0
1486027566906_0018,ma,735
1486027566906_0018,w1,753
1486027566906_0018,w2,735
1486027566906_0018,w3,735
1486027566906_0018,w4,754
1486027566906_0018,w5,734
1486027566906_0018,w6,780
1486027566906_0018,w7,0
1486027566906_0019,ma,2149
1486027566906_0019,w1,2165
1486027566906_0019,w2,2149
1486027566906_0019,w3,2153
1486027566906_0019,w4,2148
1486027566906_0019,w5,2149
1486027566906_0019,w6,2149
1486027566906_0019,w7,0
1486027566906_0020,ma,1350
1486027566906_0020,w1,1384
1486027566906_0020,w2,1350
1486027566906_0020,w3,1349
1486027566906_0020,w4,1368
1486027566906_0020,w5,1368
1486027566906_0020,w6,1352
1486027566906_0020,w7,0
1486027566906_0021,ma,3157
1486027566906_0021,w1,3173
1486027566906_0021,w2,3157
1486027566906_0021,w3,3157
1486027566906_0021,w4,3157
1486027566906_0021,w5,3158
1486027566906_0021,w6,3159
1486027566906_0021,w7,0
1486078344257_0002,ma,1167
1486078344257_0002,w1,1183
1486078344257_0002,w2,1159
1486078344257_0002,w3,1160
1486078344257_0002,w4,1159
1486078344257_0002,w5,1160
1486078344257_0002,w6,1160
1486078344257_0002,w7,1168
1486078344257_0003,ma,2469
1486078344257_0003,w1,2473
1486078344257_0003,w2,2469
1486078344257_0003,w3,2483
1486078344257_0003,w4,2468
1486078344257_0003,w5,2469
1486078344257_0003,w6,2469
1486078344257_0003,w7,2468
1486078344257_0004,ma,1379
1486078344257_0004,w1,1394
1486078344257_0004,w2,1379
1486078344257_0004,w3,1379
1486078344257_0004,w4,1379
1486078344257_0004,w5,1395
1486078344257_0004,w6,1380
1486078344257_0004,w7,1416
1486078344257_0005,ma,2149
1486078344257_0005,w1,2148
1486078344257_0005,w2,2148
1486078344257_0005,w3,2148
1486078344257_0005,w4,2148
1486078344257_0005,w5,2148
1486078344257_0005,w6,2171
1486078344257_0005,w7,2148
1486078344257_0006,ma,1276
1486078344257_0006,w1,1294
1486078344257_0006,w2,1275
1486078344257_0006,w3,1276
1486078344257_0006,w4,1294
1486078344257_0006,w5,1275
1486078344257_0006,w6,1276
1486078344257_0006,w7,1309
1486078344257_0007,ma,2523
1486078344257_0007,w1,2523
1486078344257_0007,w2,2523
1486078344257_0007,w3,2523
1486078344257_0007,w4,2523
1486078344257_0007,w5,2523
1486078344257_0007,w6,2522
1486078344257_0007,w7,2537
1486078344257_0008,ma,714
1486078344257_0008,w1,714
1486078344257_0008,w2,744
1486078344257_0008,w3,713
1486078344257_0008,w4,743
1486078344257_0008,w5,714
1486078344257_0008,w6,772
1486078344257_0008,w7,713
1486078344257_0009,ma,2558
1486078344257_0009,w1,2560
1486078344257_0009,w2,2558
1486078344257_0009,w3,2581
1486078344257_0009,w4,2559
1486078344257_0009,w5,2559
1486078344257_0009,w6,2558
1486078344257_0009,w7,2559
1486078344257_0010,ma,1412
1486078344257_0010,w1,1403
1486078344257_0010,w2,1412
1486078344257_0010,w3,1428
1486078344257_0010,w4,1403
1486078344257_0010,w5,1403
1486078344257_0010,w6,1403
1486078344257_0010,w7,1403
1486078344257_0011,ma,2823
1486078344257_0011,w1,2808
1486078344257_0011,w2,2810
1486078344257_0011,w3,2809
1486078344257_0011,w4,2808
1486078344257_0011,w5,2808
1486078344257_0011,w6,2811
1486078344257_0011,w7,2808
1486078344257_0012,ma,1376
1486078344257_0012,w1,1359
1486078344257_0012,w2,1360
1486078344257_0012,w3,1359
1486078344257_0012,w4,1359
1486078344257_0012,w5,1360
1486078344257_0012,w6,1362
1486078344257_0012,w7,1367
1486078344257_0013,ma,2515
1486078344257_0013,w1,2541
1486078344257_0013,w2,2516
1486078344257_0013,w3,2514
1486078344257_0013,w4,2514
1486078344257_0013,w5,2514
1486078344257_0013,w6,2514
1486078344257_0013,w7,2514
1486078344257_0014,ma,1378
1486078344257_0014,w1,1368
1486078344257_0014,w2,1350
1486078344257_0014,w3,1350
1486078344257_0014,w4,1350
1486078344257_0014,w5,1368
1486078344257_0014,w6,1351
1486078344257_0014,w7,1350
1486078344257_0015,ma,2534
1486078344257_0015,w1,2522
1486078344257_0015,w2,2522
1486078344257_0015,w3,2523
1486078344257_0015,w4,2525
1486078344257_0015,w5,2522
1486078344257_0015,w6,2523
1486078344257_0015,w7,2522
1486078344257_0016,ma,1493
1486078344257_0016,w1,1514
1486078344257_0016,w2,1493
1486078344257_0016,w3,1546
1486078344257_0016,w4,1493
1486078344257_0016,w5,1493
1486078344257_0016,w6,1516
1486078344257_0016,w7,1493
1486078344257_0017,ma,2585
1486078344257_0017,w1,2587
1486078344257_0017,w2,2586
1486078344257_0017,w3,2586
1486078344257_0017,w4,2588
1486078344257_0017,w5,2587
1486078344257_0017,w6,2585
1486078344257_0017,w7,2602
1486078344257_0018,ma,1352
1486078344257_0018,w1,1336
1486078344257_0018,w2,1336
1486078344257_0018,w3,1337
1486078344257_0018,w4,1337
1486078344257_0018,w5,1344
1486078344257_0018,w6,1338
1486078344257_0018,w7,1337
1486078344257_0019,ma,3067
1486078344257_0019,w1,3067
1486078344257_0019,w2,3067
1486078344257_0019,w3,3085
1486078344257_0019,w4,3067
1486078344257_0019,w5,3067
1486078344257_0019,w6,3067
1486078344257_0019,w7,3068
1486078344257_0020,ma,1317
1486078344257_0020,w1,1317
1486078344257_0020,w2,1352
1486078344257_0020,w3,1333
1486078344257_0020,w4,1317
1486078344257_0020,w5,1317
1486078344257_0020,w6,1333
1486078344257_0020,w7,1317
1486078344257_0021,ma,2581
1486078344257_0021,w1,2582
1486078344257_0021,w2,2582
1486078344257_0021,w3,2598
1486078344257_0021,w4,2585
1486078344257_0021,w5,2583
1486078344257_0021,w6,2581
1486078344257_0021,w7,2582
1485784300641_0022,ma,165
1485784300641_0022,w1,180
1485784300641_0022,w2,164
1485784300641_0022,w3,0
1485784300641_0022,w4,0
1485784300641_0022,w5,0
1485784300641_0022,w6,0
1485784300641_0022,w7,0
1485784300641_0023,ma,512
1485784300641_0023,w1,525
1485784300641_0023,w2,512
1485784300641_0023,w3,0
1485784300641_0023,w4,0
1485784300641_0023,w5,0
1485784300641_0023,w6,0
1485784300641_0023,w7,0
1485784300641_0024,ma,149
1485784300641_0024,w1,162
1485784300641_0024,w2,143
1485784300641_0024,w3,0
1485784300641_0024,w4,0
1485784300641_0024,w5,0
1485784300641_0024,w6,0
1485784300641_0024,w7,0
1485784300641_0025,ma,387
1485784300641_0025,w1,389
1485784300641_0025,w2,401
1485784300641_0025,w3,0
1485784300641_0025,w4,0
1485784300641_0025,w5,0
1485784300641_0025,w6,0
1485784300641_0025,w7,0
1485784300641_0026,ma,191
1485784300641_0026,w1,175
1485784300641_0026,w2,181
1485784300641_0026,w3,0
1485784300641_0026,w4,0
1485784300641_0026,w5,0
1485784300641_0026,w6,0
1485784300641_0026,w7,0
1485784300641_0027,ma,518
1485784300641_0027,w1,533
1485784300641_0027,w2,519
1485784300641_0027,w3,0
1485784300641_0027,w4,0
1485784300641_0027,w5,0
1485784300641_0027,w6,0
1485784300641_0027,w7,0
1485784300641_0028,ma,140
1485784300641_0028,w1,142
1485784300641_0028,w2,154
1485784300641_0028,w3,0
1485784300641_0028,w4,0
1485784300641_0028,w5,0
1485784300641_0028,w6,0
1485784300641_0028,w7,0
1485784300641_0029,ma,509
1485784300641_0029,w1,523
1485784300641_0029,w2,509
1485784300641_0029,w3,0
1485784300641_0029,w4,0
1485784300641_0029,w5,0
1485784300641_0029,w6,0
1485784300641_0029,w7,0
1485784300641_0030,ma,199
1485784300641_0030,w1,191
1485784300641_0030,w2,185
1485784300641_0030,w3,0
1485784300641_0030,w4,0
1485784300641_0030,w5,0
1485784300641_0030,w6,0
1485784300641_0030,w7,0
1485784300641_0031,ma,536
1485784300641_0031,w1,530
1485784300641_0031,w2,531
1485784300641_0031,w3,0
1485784300641_0031,w4,0
1485784300641_0031,w5,0
1485784300641_0031,w6,0
1485784300641_0031,w7,0
1485784300641_0032,ma,143
1485784300641_0032,w1,156
1485784300641_0032,w2,135
1485784300641_0032,w3,0
1485784300641_0032,w4,0
1485784300641_0032,w5,0
1485784300641_0032,w6,0
1485784300641_0032,w7,0
1485784300641_0033,ma,529
1485784300641_0033,w1,544
1485784300641_0033,w2,529
1485784300641_0033,w3,0
1485784300641_0033,w4,0
1485784300641_0033,w5,0
1485784300641_0033,w6,0
1485784300641_0033,w7,0
1485784300641_0034,ma,126
1485784300641_0034,w1,139
1485784300641_0034,w2,151
1485784300641_0034,w3,0
1485784300641_0034,w4,0
1485784300641_0034,w5,0
1485784300641_0034,w6,0
1485784300641_0034,w7,0
1485784300641_0035,ma,493
1485784300641_0035,w1,507
1485784300641_0035,w2,493
1485784300641_0035,w3,0
1485784300641_0035,w4,0
1485784300641_0035,w5,0
1485784300641_0035,w6,0
1485784300641_0035,w7,0
1485784300641_0036,ma,194
1485784300641_0036,w1,189
1485784300641_0036,w2,182
1485784300641_0036,w3,0
1485784300641_0036,w4,0
1485784300641_0036,w5,0
1485784300641_0036,w6,0
1485784300641_0036,w7,0
1485784300641_0037,ma,508
1485784300641_0037,w1,521
1485784300641_0037,w2,509
1485784300641_0037,w3,0
1485784300641_0037,w4,0
1485784300641_0037,w5,0
1485784300641_0037,w6,0
1485784300641_0037,w7,0
1485784300641_0038,ma,146
1485784300641_0038,w1,161
1485784300641_0038,w2,173
1485784300641_0038,w3,0
1485784300641_0038,w4,0
1485784300641_0038,w5,0
1485784300641_0038,w6,0
1485784300641_0038,w7,0
1485784300641_0039,ma,488
1485784300641_0039,w1,501
1485784300641_0039,w2,487
1485784300641_0039,w3,0
1485784300641_0039,w4,0
1485784300641_0039,w5,0
1485784300641_0039,w6,0
1485784300641_0039,w7,0
1485784300641_0040,ma,155
1485784300641_0040,w1,169
1485784300641_0040,w2,148
1485784300641_0040,w3,0
1485784300641_0040,w4,0
1485784300641_0040,w5,0
1485784300641_0040,w6,0
1485784300641_0040,w7,0
1485784300641_0041,ma,518
1485784300641_0041,w1,509
1485784300641_0041,w2,510
1485784300641_0041,w3,0
1485784300641_0041,w4,0
1485784300641_0041,w5,0
1485784300641_0041,w6,0
1485784300641_0041,w7,0
1485864406671_0022,ma,132
1485864406671_0022,w1,185
1485864406671_0022,w2,145
1485864406671_0022,w3,131
1485864406671_0022,w4,0
1485864406671_0022,w5,0
1485864406671_0022,w6,0
1485864406671_0022,w7,0
1485864406671_0023,ma,367
1485864406671_0023,w1,382
1485864406671_0023,w2,367
1485864406671_0023,w3,368
1485864406671_0023,w4,0
1485864406671_0023,w5,0
1485864406671_0023,w6,0
1485864406671_0023,w7,0
1485864406671_0024,ma,135
1485864406671_0024,w1,149
1485864406671_0024,w2,129
1485864406671_0024,w3,136
1485864406671_0024,w4,0
1485864406671_0024,w5,0
1485864406671_0024,w6,0
1485864406671_0024,w7,0
1485864406671_0025,ma,386
1485864406671_0025,w1,388
1485864406671_0025,w2,386
1485864406671_0025,w3,406
1485864406671_0025,w4,0
1485864406671_0025,w5,0
1485864406671_0025,w6,0
1485864406671_0025,w7,0
1485864406671_0026,ma,134
1485864406671_0026,w1,127
1485864406671_0026,w2,126
1485864406671_0026,w3,147
1485864406671_0026,w4,0
1485864406671_0026,w5,0
1485864406671_0026,w6,0
1485864406671_0026,w7,0
1485864406671_0027,ma,320
1485864406671_0027,w1,320
1485864406671_0027,w2,337
1485864406671_0027,w3,322
1485864406671_0027,w4,0
1485864406671_0027,w5,0
1485864406671_0027,w6,0
1485864406671_0027,w7,0
1485864406671_0028,ma,118
1485864406671_0028,w1,116
1485864406671_0028,w2,130
1485864406671_0028,w3,143
1485864406671_0028,w4,0
1485864406671_0028,w5,0
1485864406671_0028,w6,0
1485864406671_0028,w7,0
1485864406671_0029,ma,347
1485864406671_0029,w1,346
1485864406671_0029,w2,347
1485864406671_0029,w3,361
1485864406671_0029,w4,0
1485864406671_0029,w5,0
1485864406671_0029,w6,0
1485864406671_0029,w7,0
1485864406671_0030,ma,135
1485864406671_0030,w1,134
1485864406671_0030,w2,148
1485864406671_0030,w3,128
1485864406671_0030,w4,0
1485864406671_0030,w5,0
1485864406671_0030,w6,0
1485864406671_0030,w7,0
1485864406671_0031,ma,393
1485864406671_0031,w1,393
1485864406671_0031,w2,395
1485864406671_0031,w3,408
1485864406671_0031,w4,0
1485864406671_0031,w5,0
1485864406671_0031,w6,0
1485864406671_0031,w7,0
1485864406671_0032,ma,154
1485864406671_0032,w1,157
1485864406671_0032,w2,148
1485864406671_0032,w3,167
1485864406671_0032,w4,0
1485864406671_0032,w5,0
1485864406671_0032,w6,0
1485864406671_0032,w7,0
1485864406671_0033,ma,388
1485864406671_0033,w1,388
1485864406671_0033,w2,389
1485864406671_0033,w3,401
1485864406671_0033,w4,0
1485864406671_0033,w5,0
1485864406671_0033,w6,0
1485864406671_0033,w7,0
1485864406671_0034,ma,175
1485864406671_0034,w1,156
1485864406671_0034,w2,162
1485864406671_0034,w3,157
1485864406671_0034,w4,0
1485864406671_0034,w5,0
1485864406671_0034,w6,0
1485864406671_0034,w7,0
1485864406671_0035,ma,334
1485864406671_0035,w1,336
1485864406671_0035,w2,347
1485864406671_0035,w3,334
1485864406671_0035,w4,0
1485864406671_0035,w5,0
1485864406671_0035,w6,0
1485864406671_0035,w7,0
1485864406671_0036,ma,120
1485864406671_0036,w1,119
1485864406671_0036,w2,132
1485864406671_0036,w3,112
1485864406671_0036,w4,0
1485864406671_0036,w5,0
1485864406671_0036,w6,0
1485864406671_0036,w7,0
1485864406671_0037,ma,326
1485864406671_0037,w1,339
1485864406671_0037,w2,327
1485864406671_0037,w3,326
1485864406671_0037,w4,0
1485864406671_0037,w5,0
1485864406671_0037,w6,0
1485864406671_0037,w7,0
1485864406671_0038,ma,130
1485864406671_0038,w1,131
1485864406671_0038,w2,142
1485864406671_0038,w3,158
1485864406671_0038,w4,0
1485864406671_0038,w5,0
1485864406671_0038,w6,0
1485864406671_0038,w7,0
1485864406671_0039,ma,421
1485864406671_0039,w1,411
1485864406671_0039,w2,411
1485864406671_0039,w3,414
1485864406671_0039,w4,0
1485864406671_0039,w5,0
1485864406671_0039,w6,0
1485864406671_0039,w7,0
1485864406671_0040,ma,114
1485864406671_0040,w1,142
1485864406671_0040,w2,114
1485864406671_0040,w3,129
1485864406671_0040,w4,0
1485864406671_0040,w5,0
1485864406671_0040,w6,0
1485864406671_0040,w7,0
1485864406671_0041,ma,374
1485864406671_0041,w1,377
1485864406671_0041,w2,376
1485864406671_0041,w3,388
1485864406671_0041,w4,0
1485864406671_0041,w5,0
1485864406671_0041,w6,0
1485864406671_0041,w7,0
1485939535932_0022,ma,133
1485939535932_0022,w1,152
1485939535932_0022,w2,125
1485939535932_0022,w3,127
1485939535932_0022,w4,126
1485939535932_0022,w5,0
1485939535932_0022,w6,0
1485939535932_0022,w7,0
1485939535932_0023,ma,353
1485939535932_0023,w1,343
1485939535932_0023,w2,345
1485939535932_0023,w3,343
1485939535932_0023,w4,346
1485939535932_0023,w5,0
1485939535932_0023,w6,0
1485939535932_0023,w7,0
1485939535932_0024,ma,158
1485939535932_0024,w1,147
1485939535932_0024,w2,145
1485939535932_0024,w3,152
1485939535932_0024,w4,145
1485939535932_0024,w5,0
1485939535932_0024,w6,0
1485939535932_0024,w7,0
1485939535932_0025,ma,317
1485939535932_0025,w1,329
1485939535932_0025,w2,317
1485939535932_0025,w3,317
1485939535932_0025,w4,317
1485939535932_0025,w5,0
1485939535932_0025,w6,0
1485939535932_0025,w7,0
1485939535932_0026,ma,149
1485939535932_0026,w1,143
1485939535932_0026,w2,129
1485939535932_0026,w3,143
1485939535932_0026,w4,131
1485939535932_0026,w5,0
1485939535932_0026,w6,0
1485939535932_0026,w7,0
1485939535932_0027,ma,326
1485939535932_0027,w1,340
1485939535932_0027,w2,326
1485939535932_0027,w3,326
1485939535932_0027,w4,326
1485939535932_0027,w5,0
1485939535932_0027,w6,0
1485939535932_0027,w7,0
1485939535932_0028,ma,144
1485939535932_0028,w1,138
1485939535932_0028,w2,124
1485939535932_0028,w3,123
1485939535932_0028,w4,139
1485939535932_0028,w5,0
1485939535932_0028,w6,0
1485939535932_0028,w7,0
1485939535932_0029,ma,318
1485939535932_0029,w1,320
1485939535932_0029,w2,318
1485939535932_0029,w3,318
1485939535932_0029,w4,335
1485939535932_0029,w5,0
1485939535932_0029,w6,0
1485939535932_0029,w7,0
1485939535932_0030,ma,122
1485939535932_0030,w1,116
1485939535932_0030,w2,117
1485939535932_0030,w3,122
1485939535932_0030,w4,135
1485939535932_0030,w5,0
1485939535932_0030,w6,0
1485939535932_0030,w7,0
1485939535932_0031,ma,288
1485939535932_0031,w1,289
1485939535932_0031,w2,287
1485939535932_0031,w3,305
1485939535932_0031,w4,287
1485939535932_0031,w5,0
1485939535932_0031,w6,0
1485939535932_0031,w7,0
1485939535932_0032,ma,115
1485939535932_0032,w1,127
1485939535932_0032,w2,109
1485939535932_0032,w3,107
1485939535932_0032,w4,107
1485939535932_0032,w5,0
1485939535932_0032,w6,0
1485939535932_0032,w7,0
1485939535932_0033,ma,312
1485939535932_0033,w1,304
1485939535932_0033,w2,306
1485939535932_0033,w3,304
1485939535932_0033,w4,305
1485939535932_0033,w5,0
1485939535932_0033,w6,0
1485939535932_0033,w7,0
1485939535932_0034,ma,127
1485939535932_0034,w1,120
1485939535932_0034,w2,143
1485939535932_0034,w3,121
1485939535932_0034,w4,128
1485939535932_0034,w5,0
1485939535932_0034,w6,0
1485939535932_0034,w7,0
1485939535932_0035,ma,333
1485939535932_0035,w1,333
1485939535932_0035,w2,335
1485939535932_0035,w3,348
1485939535932_0035,w4,334
1485939535932_0035,w5,0
1485939535932_0035,w6,0
1485939535932_0035,w7,0
1485939535932_0036,ma,138
1485939535932_0036,w1,118
1485939535932_0036,w2,118
1485939535932_0036,w3,131
1485939535932_0036,w4,134
1485939535932_0036,w5,0
1485939535932_0036,w6,0
1485939535932_0036,w7,0
1485939535932_0037,ma,335
1485939535932_0037,w1,335
1485939535932_0037,w2,337
1485939535932_0037,w3,335
1485939535932_0037,w4,350
1485939535932_0037,w5,0
1485939535932_0037,w6,0
1485939535932_0037,w7,0
1485939535932_0038,ma,117
1485939535932_0038,w1,113
1485939535932_0038,w2,112
1485939535932_0038,w3,132
1485939535932_0038,w4,110
1485939535932_0038,w5,0
1485939535932_0038,w6,0
1485939535932_0038,w7,0
1485939535932_0039,ma,325
1485939535932_0039,w1,324
1485939535932_0039,w2,338
1485939535932_0039,w3,326
1485939535932_0039,w4,324
1485939535932_0039,w5,0
1485939535932_0039,w6,0
1485939535932_0039,w7,0
1485939535932_0040,ma,116
1485939535932_0040,w1,108
1485939535932_0040,w2,108
1485939535932_0040,w3,109
1485939535932_0040,w4,128
1485939535932_0040,w5,0
1485939535932_0040,w6,0
1485939535932_0040,w7,0
1485939535932_0041,ma,277
1485939535932_0041,w1,277
1485939535932_0041,w2,277
1485939535932_0041,w3,291
1485939535932_0041,w4,278
1485939535932_0041,w5,0
1485939535932_0041,w6,0
1485939535932_0041,w7,0
1485986378424_0022,ma,108
1485986378424_0022,w1,99
1485986378424_0022,w2,99
1485986378424_0022,w3,129
1485986378424_0022,w4,99
1485986378424_0022,w5,107
1485986378424_0022,w6,0
1485986378424_0022,w7,0
1485986378424_0023,ma,288
1485986378424_0023,w1,280
1485986378424_0023,w2,280
1485986378424_0023,w3,282
1485986378424_0023,w4,280
1485986378424_0023,w5,281
1485986378424_0023,w6,0
1485986378424_0023,w7,0
1485986378424_0024,ma,94
1485986378424_0024,w1,95
1485986378424_0024,w2,96
1485986378424_0024,w3,124
1485986378424_0024,w4,109
1485986378424_0024,w5,94
1485986378424_0024,w6,0
1485986378424_0024,w7,0
1485986378424_0025,ma,306
1485986378424_0025,w1,305
1485986378424_0025,w2,325
1485986378424_0025,w3,307
1485986378424_0025,w4,306
1485986378424_0025,w5,306
1485986378424_0025,w6,0
1485986378424_0025,w7,0
1485986378424_0026,ma,98
1485986378424_0026,w1,99
1485986378424_0026,w2,98
1485986378424_0026,w3,127
1485986378424_0026,w4,99
1485986378424_0026,w5,112
1485986378424_0026,w6,0
1485986378424_0026,w7,0
1485986378424_0027,ma,277
1485986378424_0027,w1,276
1485986378424_0027,w2,276
1485986378424_0027,w3,278
1485986378424_0027,w4,277
1485986378424_0027,w5,292
1485986378424_0027,w6,0
1485986378424_0027,w7,0
1485986378424_0028,ma,84
1485986378424_0028,w1,84
1485986378424_0028,w2,99
1485986378424_0028,w3,84
1485986378424_0028,w4,114
1485986378424_0028,w5,86
1485986378424_0028,w6,0
1485986378424_0028,w7,0
1485986378424_0029,ma,273
1485986378424_0029,w1,265
1485986378424_0029,w2,266
1485986378424_0029,w3,265
1485986378424_0029,w4,266
1485986378424_0029,w5,267
1485986378424_0029,w6,0
1485986378424_0029,w7,0
1485986378424_0030,ma,137
1485986378424_0030,w1,130
1485986378424_0030,w2,117
1485986378424_0030,w3,114
1485986378424_0030,w4,128
1485986378424_0030,w5,115
1485986378424_0030,w6,0
1485986378424_0030,w7,0
1485986378424_0031,ma,286
1485986378424_0031,w1,277
1485986378424_0031,w2,279
1485986378424_0031,w3,276
1485986378424_0031,w4,279
1485986378424_0031,w5,277
1485986378424_0031,w6,0
1485986378424_0031,w7,0
1485986378424_0032,ma,140
1485986378424_0032,w1,129
1485986378424_0032,w2,126
1485986378424_0032,w3,128
1485986378424_0032,w4,133
1485986378424_0032,w5,127
1485986378424_0032,w6,0
1485986378424_0032,w7,0
1485986378424_0033,ma,268
1485986378424_0033,w1,267
1485986378424_0033,w2,267
1485986378424_0033,w3,267
1485986378424_0033,w4,283
1485986378424_0033,w5,267
1485986378424_0033,w6,0
1485986378424_0033,w7,0
1485986378424_0034,ma,108
1485986378424_0034,w1,101
1485986378424_0034,w2,102
1485986378424_0034,w3,101
1485986378424_0034,w4,108
1485986378424_0034,w5,122
1485986378424_0034,w6,0
1485986378424_0034,w7,0
1485986378424_0035,ma,281
1485986378424_0035,w1,282
1485986378424_0035,w2,281
1485986378424_0035,w3,296
1485986378424_0035,w4,280
1485986378424_0035,w5,281
1485986378424_0035,w6,0
1485986378424_0035,w7,0
1485986378424_0036,ma,99
1485986378424_0036,w1,99
1485986378424_0036,w2,92
1485986378424_0036,w3,91
1485986378424_0036,w4,115
1485986378424_0036,w5,92
1485986378424_0036,w6,0
1485986378424_0036,w7,0
1485986378424_0037,ma,315
1485986378424_0037,w1,315
1485986378424_0037,w2,315
1485986378424_0037,w3,314
1485986378424_0037,w4,328
1485986378424_0037,w5,315
1485986378424_0037,w6,0
1485986378424_0037,w7,0
1485986378424_0038,ma,106
1485986378424_0038,w1,99
1485986378424_0038,w2,99
1485986378424_0038,w3,119
1485986378424_0038,w4,100
1485986378424_0038,w5,106
1485986378424_0038,w6,0
1485986378424_0038,w7,0
1485986378424_0039,ma,303
1485986378424_0039,w1,303
1485986378424_0039,w2,304
1485986378424_0039,w3,304
1485986378424_0039,w4,303
1485986378424_0039,w5,319
1485986378424_0039,w6,0
1485986378424_0039,w7,0
1485986378424_0040,ma,101
1485986378424_0040,w1,100
1485986378424_0040,w2,131
1485986378424_0040,w3,102
1485986378424_0040,w4,101
1485986378424_0040,w5,116
1485986378424_0040,w6,0
1485986378424_0040,w7,0
1485986378424_0041,ma,292
1485986378424_0041,w1,294
1485986378424_0041,w2,292
1485986378424_0041,w3,292
1485986378424_0041,w4,307
1485986378424_0041,w5,292
1485986378424_0041,w6,0
1485986378424_0041,w7,0
1486027566906_0022,ma,219
1486027566906_0022,w1,191
1486027566906_0022,w2,190
1486027566906_0022,w3,190
1486027566906_0022,w4,210
1486027566906_0022,w5,210
1486027566906_0022,w6,192
1486027566906_0022,w7,0
1486027566906_0023,ma,435
1486027566906_0023,w1,435
1486027566906_0023,w2,450
1486027566906_0023,w3,434
1486027566906_0023,w4,435
1486027566906_0023,w5,435
1486027566906_0023,w6,437
1486027566906_0023,w7,0
1486027566906_0024,ma,181
1486027566906_0024,w1,213
1486027566906_0024,w2,182
1486027566906_0024,w3,197
1486027566906_0024,w4,181
1486027566906_0024,w5,181
1486027566906_0024,w6,196
1486027566906_0024,w7,0
1486027566906_0025,ma,466
1486027566906_0025,w1,466
1486027566906_0025,w2,479
1486027566906_0025,w3,465
1486027566906_0025,w4,469
1486027566906_0025,w5,466
1486027566906_0025,w6,465
1486027566906_0025,w7,0
1486027566906_0026,ma,98
1486027566906_0026,w1,98
1486027566906_0026,w2,98
1486027566906_0026,w3,113
1486027566906_0026,w4,98
1486027566906_0026,w5,98
1486027566906_0026,w6,132
1486027566906_0026,w7,0
1486027566906_0027,ma,399
1486027566906_0027,w1,399
1486027566906_0027,w2,398
1486027566906_0027,w3,398
1486027566906_0027,w4,416
1486027566906_0027,w5,400
1486027566906_0027,w6,401
1486027566906_0027,w7,0
1486027566906_0028,ma,177
1486027566906_0028,w1,170
1486027566906_0028,w2,170
1486027566906_0028,w3,193
1486027566906_0028,w4,169
1486027566906_0028,w5,170
1486027566906_0028,w6,170
1486027566906_0028,w7,0
1486027566906_0029,ma,455
1486027566906_0029,w1,455
1486027566906_0029,w2,455
1486027566906_0029,w3,469
1486027566906_0029,w4,456
1486027566906_0029,w5,455
1486027566906_0029,w6,456
1486027566906_0029,w7,0
1486027566906_0030,ma,145
1486027566906_0030,w1,138
1486027566906_0030,w2,159
1486027566906_0030,w3,139
1486027566906_0030,w4,140
1486027566906_0030,w5,145
1486027566906_0030,w6,138
1486027566906_0030,w7,0
1486027566906_0031,ma,284
1486027566906_0031,w1,287
1486027566906_0031,w2,286
1486027566906_0031,w3,285
1486027566906_0031,w4,286
1486027566906_0031,w5,286
1486027566906_0031,w6,302
1486027566906_0031,w7,0
1486027566906_0032,ma,157
1486027566906_0032,w1,173
1486027566906_0032,w2,157
1486027566906_0032,w3,173
1486027566906_0032,w4,158
1486027566906_0032,w5,188
1486027566906_0032,w6,158
1486027566906_0032,w7,0
1486027566906_0033,ma,399
1486027566906_0033,w1,414
1486027566906_0033,w2,399
1486027566906_0033,w3,398
1486027566906_0033,w4,399
1486027566906_0033,w5,399
1486027566906_0033,w6,400
1486027566906_0033,w7,0
1486027566906_0034,ma,175
1486027566906_0034,w1,175
1486027566906_0034,w2,175
1486027566906_0034,w3,190
1486027566906_0034,w4,175
1486027566906_0034,w5,204
1486027566906_0034,w6,177
1486027566906_0034,w7,0
1486027566906_0035,ma,445
1486027566906_0035,w1,461
1486027566906_0035,w2,445
1486027566906_0035,w3,445
1486027566906_0035,w4,445
1486027566906_0035,w5,445
1486027566906_0035,w6,444
1486027566906_0035,w7,0
1486027566906_0036,ma,178
1486027566906_0036,w1,171
1486027566906_0036,w2,178
1486027566906_0036,w3,191
1486027566906_0036,w4,171
1486027566906_0036,w5,170
1486027566906_0036,w6,170
1486027566906_0036,w7,0
1486027566906_0037,ma,269
1486027566906_0037,w1,272
1486027566906_0037,w2,271
1486027566906_0037,w3,270
1486027566906_0037,w4,271
1486027566906_0037,w5,270
1486027566906_0037,w6,287
1486027566906_0037,w7,0
1486027566906_0038,ma,172
1486027566906_0038,w1,188
1486027566906_0038,w2,172
1486027566906_0038,w3,171
1486027566906_0038,w4,203
1486027566906_0038,w5,172
1486027566906_0038,w6,188
1486027566906_0038,w7,0
1486027566906_0039,ma,471
1486027566906_0039,w1,488
1486027566906_0039,w2,471
1486027566906_0039,w3,471
1486027566906_0039,w4,471
1486027566906_0039,w5,471
1486027566906_0039,w6,473
1486027566906_0039,w7,0
1486027566906_0040,ma,196
1486027566906_0040,w1,210
1486027566906_0040,w2,211
1486027566906_0040,w3,196
1486027566906_0040,w4,196
1486027566906_0040,w5,224
1486027566906_0040,w6,196
1486027566906_0040,w7,0
1486027566906_0041,ma,315
1486027566906_0041,w1,316
1486027566906_0041,w2,315
1486027566906_0041,w3,315
1486027566906_0041,w4,315
1486027566906_0041,w5,315
1486027566906_0041,w6,333
1486027566906_0041,w7,0
1486078344257_0022,ma,203
1486078344257_0022,w1,218
1486078344257_0022,w2,244
1486078344257_0022,w3,219
1486078344257_0022,w4,204
1486078344257_0022,w5,203
1486078344257_0022,w6,205
1486078344257_0022,w7,204
1486078344257_0023,ma,451
1486078344257_0023,w1,451
1486078344257_0023,w2,465
1486078344257_0023,w3,451
1486078344257_0023,w4,451
1486078344257_0023,w5,451
1486078344257_0023,w6,452
1486078344257_0023,w7,451
1486078344257_0024,ma,108
1486078344257_0024,w1,108
1486078344257_0024,w2,123
1486078344257_0024,w3,101
1486078344257_0024,w4,101
1486078344257_0024,w5,101
1486078344257_0024,w6,101
1486078344257_0024,w7,100
1486078344257_0025,ma,429
1486078344257_0025,w1,430
1486078344257_0025,w2,430
1486078344257_0025,w3,445
1486078344257_0025,w4,429
1486078344257_0025,w5,431
1486078344257_0025,w6,430
1486078344257_0025,w7,429
1486078344257_0026,ma,163
1486078344257_0026,w1,155
1486078344257_0026,w2,139
1486078344257_0026,w3,139
1486078344257_0026,w4,138
1486078344257_0026,w5,138
1486078344257_0026,w6,157
1486078344257_0026,w7,139
1486078344257_0027,ma,441
1486078344257_0027,w1,441
1486078344257_0027,w2,443
1486078344257_0027,w3,441
1486078344257_0027,w4,442
1486078344257_0027,w5,458
1486078344257_0027,w6,442
1486078344257_0027,w7,442
1486078344257_0028,ma,142
1486078344257_0028,w1,157
1486078344257_0028,w2,142
1486078344257_0028,w3,156
1486078344257_0028,w4,142
1486078344257_0028,w5,143
1486078344257_0028,w6,175
1486078344257_0028,w7,142
1486078344257_0029,ma,477
1486078344257_0029,w1,478
1486078344257_0029,w2,477
1486078344257_0029,w3,477
1486078344257_0029,w4,477
1486078344257_0029,w5,492
1486078344257_0029,w6,479
1486078344257_0029,w7,477
1486078344257_0030,ma,152
1486078344257_0030,w1,187
1486078344257_0030,w2,153
1486078344257_0030,w3,153
1486078344257_0030,w4,152
1486078344257_0030,w5,170
1486078344257_0030,w6,153
1486078344257_0030,w7,152
1486078344257_0031,ma,388
1486078344257_0031,w1,388
1486078344257_0031,w2,389
1486078344257_0031,w3,402
1486078344257_0031,w4,389
1486078344257_0031,w5,388
1486078344257_0031,w6,390
1486078344257_0031,w7,388
1486078344257_0032,ma,187
1486078344257_0032,w1,181
1486078344257_0032,w2,181
1486078344257_0032,w3,202
1486078344257_0032,w4,181
1486078344257_0032,w5,182
1486078344257_0032,w6,183
1486078344257_0032,w7,181
1486078344257_0033,ma,241
1486078344257_0033,w1,241
1486078344257_0033,w2,241
1486078344257_0033,w3,242
1486078344257_0033,w4,241
1486078344257_0033,w5,241
1486078344257_0033,w6,260
1486078344257_0033,w7,241
1486078344257_0034,ma,106
1486078344257_0034,w1,99
1486078344257_0034,w2,99
1486078344257_0034,w3,98
1486078344257_0034,w4,100
1486078344257_0034,w5,119
1486078344257_0034,w6,100
1486078344257_0034,w7,99
1486078344257_0035,ma,360
1486078344257_0035,w1,360
1486078344257_0035,w2,376
1486078344257_0035,w3,361
1486078344257_0035,w4,360
1486078344257_0035,w5,361
1486078344257_0035,w6,363
1486078344257_0035,w7,361
1486078344257_0036,ma,109
1486078344257_0036,w1,109
1486078344257_0036,w2,109
1486078344257_0036,w3,109
1486078344257_0036,w4,122
1486078344257_0036,w5,122
1486078344257_0036,w6,140
1486078344257_0036,w7,109
1486078344257_0037,ma,397
1486078344257_0037,w1,410
1486078344257_0037,w2,395
1486078344257_0037,w3,395
1486078344257_0037,w4,395
1486078344257_0037,w5,396
1486078344257_0037,w6,396
1486078344257_0037,w7,395
1486078344257_0038,ma,204
1486078344257_0038,w1,218
1486078344257_0038,w2,232
1486078344257_0038,w3,203
1486078344257_0038,w4,204
1486078344257_0038,w5,203
1486078344257_0038,w6,206
1486078344257_0038,w7,205
1486078344257_0039,ma,466
1486078344257_0039,w1,467
1486078344257_0039,w2,480
1486078344257_0039,w3,468
1486078344257_0039,w4,466
1486078344257_0039,w5,467
1486078344257_0039,w6,468
1486078344257_0039,w7,466
1486078344257_0040,ma,106
1486078344257_0040,w1,119
1486078344257_0040,w2,106
1486078344257_0040,w3,106
1486078344257_0040,w4,106
1486078344257_0040,w5,133
1486078344257_0040,w6,108
1486078344257_0040,w7,119
1486078344257_0041,ma,452
1486078344257_0041,w1,453
1486078344257_0041,w2,467
1486078344257_0041,w3,453
1486078344257_0041,w4,453
1486078344257_0041,w5,453
1486078344257_0041,w6,453
1486078344257_0041,w7,454
